kind	id	data
vertex	0	[0.06279051952931337, -0.5543781850292082] enclosures=[Interval { lo: 0.06279051952931336, hi: 0.06279051952931339 }, Interval { lo: -0.5543781850292083, hi: -0.5543781850292081 }]
vertex	1	[0.06279051952931337, -0.4456218149707917] enclosures=[Interval { lo: 0.06279051952931336, hi: 0.06279051952931339 }, Interval { lo: -0.44562181497079173, hi: -0.4456218149707916 }]
vertex	2	[0.06279051952931337, 0.4456218149707917] enclosures=[Interval { lo: 0.06279051952931336, hi: 0.06279051952931339 }, Interval { lo: 0.4456218149707916, hi: 0.44562181497079173 }]
vertex	3	[0.06279051952931337, 0.5543781850292082] enclosures=[Interval { lo: 0.06279051952931336, hi: 0.06279051952931339 }, Interval { lo: 0.5543781850292081, hi: 0.5543781850292083 }]
vertex	4	[0.06279051952931368, -0.5543781850292085] enclosures=[Interval { lo: 0.06279051952931367, hi: 0.0627905195293137 }, Interval { lo: -0.5543781850292087, hi: -0.5543781850292084 }]
vertex	5	[0.06279051952931368, -0.4456218149707914] enclosures=[Interval { lo: 0.06279051952931367, hi: 0.0627905195293137 }, Interval { lo: -0.44562181497079145, hi: -0.44562181497079134 }]
vertex	6	[0.06279051952931368, 0.4456218149707914] enclosures=[Interval { lo: 0.06279051952931367, hi: 0.0627905195293137 }, Interval { lo: 0.44562181497079134, hi: 0.44562181497079145 }]
vertex	7	[0.06279051952931368, 0.5543781850292085] enclosures=[Interval { lo: 0.06279051952931367, hi: 0.0627905195293137 }, Interval { lo: 0.5543781850292084, hi: 0.5543781850292087 }]
vertex	8	[0.5773502691896257, -0.9999999999999999] enclosures=[Interval { lo: 0.5773502691896256, hi: 0.5773502691896258 }, Interval { lo: -1.0, hi: -0.9999999999999998 }]
vertex	9	[0.5773502691896257, -8.271806125530277e-25] enclosures=[Interval { lo: 0.5773502691896256, hi: 0.5773502691896258 }, Interval { lo: -4.6322114302969556e-23, hi: 4.549493369041653e-23 }]
vertex	10	[0.5773502691896257, 0.9999999999999999] enclosures=[Interval { lo: 0.5773502691896256, hi: 0.5773502691896258 }, Interval { lo: 0.9999999999999998, hi: 1.0 }]
vertex	11	[0.5877852522924731, -1.0090369604551273] enclosures=[Interval { lo: 0.587785252292473, hi: 0.5877852522924732 }, Interval { lo: -1.0090369604551275, hi: -1.009036960455127 }]
vertex	12	[0.5877852522924731, -0.009036960455127257] enclosures=[Interval { lo: 0.587785252292473, hi: 0.5877852522924732 }, Interval { lo: -0.009036960455127259, hi: -0.009036960455127255 }]
vertex	13	[0.5877852522924731, 0.009036960455127257] enclosures=[Interval { lo: 0.587785252292473, hi: 0.5877852522924732 }, Interval { lo: 0.009036960455127255, hi: 0.009036960455127259 }]
vertex	14	[0.5877852522924731, 1.0090369604551273] enclosures=[Interval { lo: 0.587785252292473, hi: 0.5877852522924732 }, Interval { lo: 1.009036960455127, hi: 1.0090369604551275 }]
vertex	15	[0.5877852522924732, -1.0090369604551273] enclosures=[Interval { lo: 0.5877852522924731, hi: 0.5877852522924734 }, Interval { lo: -1.0090369604551275, hi: -1.009036960455127 }]
vertex	16	[0.5877852522924732, -0.009036960455127308] enclosures=[Interval { lo: 0.5877852522924731, hi: 0.5877852522924734 }, Interval { lo: -0.00903696045512731, hi: -0.009036960455127306 }]
vertex	17	[0.5877852522924732, 0.009036960455127308] enclosures=[Interval { lo: 0.5877852522924731, hi: 0.5877852522924734 }, Interval { lo: 0.009036960455127306, hi: 0.00903696045512731 }]
vertex	18	[0.5877852522924732, 1.0090369604551273] enclosures=[Interval { lo: 0.5877852522924731, hi: 0.5877852522924734 }, Interval { lo: 1.009036960455127, hi: 1.0090369604551275 }]
edge	0	Line(3) vertices=[0, 4] uses=[Use { cell: 0, forward: true }]
edge	1	Cut(1) vertices=[4, 5] uses=[Use { cell: 0, forward: true }, Use { cell: 1, forward: false }]
edge	2	Cut(1) vertices=[5, 6] uses=[Use { cell: 0, forward: true }, Use { cell: 2, forward: false }]
edge	3	Line(2) vertices=[2, 6] uses=[Use { cell: 0, forward: false }]
edge	4	Cut(0) vertices=[1, 2] uses=[Use { cell: 0, forward: false }]
edge	5	Cut(0) vertices=[0, 1] uses=[Use { cell: 0, forward: false }]
edge	6	Line(3) vertices=[4, 8] uses=[Use { cell: 1, forward: true }]
edge	7	Cut(2) vertices=[8, 9] uses=[Use { cell: 1, forward: true }, Use { cell: 4, forward: false }]
edge	8	Line(1) vertices=[5, 9] uses=[Use { cell: 1, forward: false }, Use { cell: 2, forward: true }]
edge	9	Line(2) vertices=[6, 9] uses=[Use { cell: 2, forward: false }, Use { cell: 3, forward: true }]
edge	10	Cut(2) vertices=[9, 10] uses=[Use { cell: 3, forward: true }, Use { cell: 5, forward: false }]
edge	11	Line(0) vertices=[7, 10] uses=[Use { cell: 3, forward: false }]
edge	12	Cut(1) vertices=[6, 7] uses=[Use { cell: 3, forward: false }]
edge	13	Line(3) vertices=[8, 11] uses=[Use { cell: 4, forward: true }]
edge	14	Cut(3) vertices=[11, 12] uses=[Use { cell: 4, forward: true }]
edge	15	Line(2) vertices=[9, 12] uses=[Use { cell: 4, forward: false }]
edge	16	Line(1) vertices=[9, 13] uses=[Use { cell: 5, forward: true }]
edge	17	Cut(3) vertices=[13, 14] uses=[Use { cell: 5, forward: true }, Use { cell: 6, forward: false }]
edge	18	Line(0) vertices=[10, 14] uses=[Use { cell: 5, forward: false }]
edge	19	Line(1) vertices=[13, 17] uses=[Use { cell: 6, forward: true }]
edge	20	Cut(4) vertices=[17, 18] uses=[Use { cell: 6, forward: true }]
edge	21	Line(0) vertices=[14, 18] uses=[Use { cell: 6, forward: false }]
cell	0	consumers=[0] edges=[(0, true), (1, true), (2, true), (3, false), (4, false), (5, false)]
map	0:0	band=0 native=[0.01000000010928134, 0.008410213708785565] position=[3.9980267283851574, -0.05437818502337358, -1.0004927098297034]
cell	1	consumers=[0] edges=[(6, true), (7, true), (8, false), (1, false)]
map	1:0	band=0 native=[0.0518532835821109, -0.18656405736641724] position=[3.9473937632549188, -0.49999999999990796, -0.9232795120361843]
cell	2	consumers=[0, 1] edges=[(8, true), (9, false), (2, false)]
map	2:0	band=0 native=[0.051853283582043885, 0.3097667987886308] position=[3.9473937632550538, 7.771561172376096e-16, -1.0499738365051898]
map	2:1	band=1 native=[0.948146716417956, -0.309766798788631] position=[3.9473937632550538, -3.885780586188048e-16, -1.04997383650519]
cell	3	consumers=[1] edges=[(9, true), (10, true), (11, false), (12, false)]
map	3:1	band=1 native=[0.9481467164178892, 0.18656405736641757] position=[3.9473937632549188, 0.4999999999999081, -0.9232795120361842]
cell	4	consumers=[0] edges=[(13, true), (14, true), (15, false), (7, false)]
map	4:0	band=0 native=[0.09897596849190259, 0.07642323190941494] position=[3.8127821381785187, -0.5045184802184727, -1.0415595513344391]
cell	5	consumers=[1] edges=[(16, true), (17, true), (18, false), (10, false)]
map	5:1	band=1 native=[0.9010240315080974, -0.07642323190941798] position=[3.8127821381785183, 0.50451848021847, -1.0415595513344407]
cell	6	consumers=[1] edges=[(19, true), (20, true), (21, false), (17, false)]
map	6:1	band=1 native=[0.9000000000041971, -0.07707937418577325] position=[3.809016994390448, 0.5090369604503834, -1.0422921258854838]
boundary	0	[(0, true), (6, true), (13, true), (14, true), (15, false), (16, true), (19, true), (20, true), (21, false), (18, false), (11, false), (12, false), (3, false), (4, false), (5, false)]
